<?xml version="1.0" encoding="UTF-8" standalone="yes"?>
<addon id="plugin.video.duboku" name="duboku" version="0.1" provider-name="anticlockwise5">
  <requires>
    <import addon="xbmc.python" version="2.4.0" />
    <import addon="script.module.kodiswift" version="0.0.1" />
    <import addon="script.module.beautifulsoup4" version="4.6.2" />
    <import addon="script.module.requests" version="2.22.0" />
  </requires>
  <extension point="xbmc.python.pluginsource" library="addon.py">
    <provides>video</provides>
  </extension>
  <extension point="xbmc.addon.metadata">
    <platform>all</platform>
    <language></language>
    <summary>Video plugin for Duboku</summary>
    <description>Video plugin for Duboku</description>
    <assets>
      <icon>resources/logo.jpg</icon>
    </assets>
  </extension>
</addon>
